<?xml version="1.0" encoding="UTF-8"?>
<project-private xmlns="http://www.netbeans.org/ns/project-private/1">
    <editor-bookmarks xmlns="http://www.netbeans.org/ns/editor-bookmarks/2" lastBookmarkId="0"/>
    <open-files xmlns="http://www.netbeans.org/ns/projectui-open-files/2">
        <group>
            <file>file:/C:/Users/RALPH_JAMES_BESTO/Documents/NetBeansProjects/RestaurantOrderingSystem/src/com/restaurant/LoginSignup.java</file>
            <file>file:/C:/Users/RALPH_JAMES_BESTO/Documents/NetBeansProjects/RestaurantOrderingSystem/src/com/restaurant/RegistrationForm.java</file>
            <file>file:/C:/Users/RALPH_JAMES_BESTO/Documents/NetBeansProjects/RestaurantOrderingSystem/src/com/restaurant/PrintReceipt.java</file>
            <file>file:/C:/Users/RALPH_JAMES_BESTO/Documents/NetBeansProjects/RestaurantOrderingSystem/src/com/restaurant/DatabaseConnection.java</file>
            <file>file:/C:/Users/RALPH_JAMES_BESTO/Documents/NetBeansProjects/RestaurantOrderingSystem/src/com/restaurant/Main.java</file>
            <file>file:/C:/Users/RALPH_JAMES_BESTO/Documents/NetBeansProjects/RestaurantOrderingSystem/src/com/restaurant/OrderSystem.java</file>
            <file>file:/C:/Users/RALPH_JAMES_BESTO/Documents/NetBeansProjects/RestaurantOrderingSystem/src/com/restaurant/ReceiptGenerator.java</file>
        </group>
    </open-files>
</project-private>
